rank,university,city,
840,Abhilashi University,Chailchowk,6
221,Acharya N.G. Ranga Agricultural University,Hyderabad,3
154,Acharya Nagarjuna University,Guntur,3
607,Adamas University,Barasat,6
749,Adesh University,Bathinda,4
335,Adikavi Nannaya University,Rajahmundry,3
287,Ahmedabad University,Ahmedabad,6
560,AISECT University,Mendua Village,6
717,Ajeenkya D.Y. Patil University,Lohegaon,6
820,Akal University,Bathinda,6
706,AKS University,Satna,3
149,Alagappa University,Karaikudi,3
721,Al-Falah University,Faridabad,6
478,Aliah University,Kolkata,5
39,Aligarh Muslim University,Aligarh ...,2
184,All India Institute of Medical Sciences Bhopal,Bhopal,3
113,All India Institute of Medical Sciences Bhubaneswar,Bhubaneswar,3
61,All India Institute of Medical Sciences Delhi,New Delhi,3
168,All India Institute of Medical Sciences Jodhpur,Jodhpur,3
259,All India Institute of Medical Sciences Patna,Patna,3
132,All India Institute of Medical Sciences Raipur,Raipur,3
159,All India Institute of Medical Sciences Rishikesh,Rishikesh,3
425,Allahabad State University,Allahabad,5
273,Alliance University,Bangalore,4
294,Ambedkar University Delhi,New Delhi,4
36,Amity University,Noida ...,2
20,Amrita Vishwa Vidyapeetham,Coimbatore ...,2
246,Anand Agricultural University,Anand,4
790,Anant National University,Ahmedabad,6
82,Andhra University,Visakhapatnam,6
11,Anna University,Chennai,1
77,Annamalai University,Chidambaram,2
441,Ansal University,Gurgaon,5
549,AP Goyal Shimla University,Shimla,6
436,Apeejay Stya University,Gurgaon,5
779,Apex Professional University,Pasighat,6
90,APJ Abdul Kalam Technological University,Thiruvananthapuram,2
861,Arka Jain University,Gamharia,6
731,Arni University,Kathgarh,6
625,Arunachal University of Studies,Namsai,6
773,Arunodaya University,Itanagar,6
439,Aryabhatta Knowledge University,Patna,5
268,Ashoka University,Sonipat,3
290,Assam Agricultural University,Jorhat,3
358,Assam Don Bosco University,Guwahati,4
585,Assam Down Town University,Guwahati,6
799,Assam Rajiv Gandhi University of Cooperative Management,Sivasagar,6
675,Assam Science and Technology University,Guwahati,6
234,Assam University,Silchar,3
815,Assam Women's University,Jorhat,6
728,Atal Bihari Vajpayee Hindi Vishwavidyalaya,Bhopal,6
606,AURO University,Surat,6
691,Avantika University,Ujjain,6
451,Avinashilingam University,Coimbatore,5
438,Awadhesh Pratap Singh University,Rewa,5
594,Ayush and Health Sciences University of Chhattisgarh,Raipur,6
200,Azim Premji University,Bangalore,3
338,B.S. Abdur Rahman University,Chennai,4
161,Baba Farid University of Health Sciences,Faridkot,2
544,Baba Ghulam Shah Badhshah University,Rajouri,6
780,Baba Mastnath University,Rohtak,6
385,Babasaheb Bhimrao Ambedkar Bihar University,Muzaffarpur,4
209,Babasaheb Bhimrao Ambedkar University,Lucknow,3
566,Babu Banarasi Das University,Lucknow,6
598,Baddi University of Emerging Sciences and Technologies,Baddi,6
736,BAHRA University,Waknaghat ...,6
55,Banaras Hindu University,Varanasi,2
279,Banasthali Vidyapith,Banasthali ...,3
674,Banda University of Agriculture and Technology,Banda,6
45,Bangalore University,Bangalore,2
722,Bankura University,Bankura,6
859,Bareilly International University,Bareilly,6
179,Barkatullah University,Bhopal,3
653,Bastar Vishwavidyalaya,Bastar,6
872,Bengaluru North University,Kolar,6
493,Bennett University,Greater Noida,5
325,Berhampur University,Berhampur,4
545,Bhagat Phool Singh Mahila Vishwavidyalaya,Khanpur Kalan,6
486,Bhagwant University,Ajmer,5
565,Bhakta Kavi Narsinh Mehta University,Junagadh,6
201,Bharath Institute of Higher Education and Research,Chennai,3
112,Bharathiar University,Coimbatore,3
106,Bharathidasan University,Tiruchirappalli,3
151,Bharati Vidyapeeth University,Pune ...,3
844,Bhartiya Skill Development University,Jaipur,6
711,Bhatkhande Music Institute,Lucknow,6
835,Bhupal Nobles University,Udaipur,6
761,Bhupendra Narayan Mandal University,Madhepura,6
278,Bidhan Chandra Krishi Vishwavidyalaya,Mohanpur,3
587,Bihar Agricultural University,Bhagalpur,6
205,Biju Patnaik University of Technology,Rourkela,3
182,Bilaspur Vishwavidyalaya,Bilaspur,3
67,Birla Institute of Technology,Ranchi,1
16,Birla Institute of Technology and Science,Pilani,1
445,Birsa Agricultural University,Ranchi,5
570,BLDE University,Bijapur,6
433,BML Munjal University,Gurgaon,5
541,Bodoland University,Kokrajhar,6
524,Brainware University,Barasat,5
136,Bundelkhand University,Jhansi,3
699,C.U. Shah University,Wadhwan,6
673,Calorx Teachers University,Ahmedabad,6
692,Career Point University,Hamirpur,6
615,Central Agricultural University,Imphal,6
391,Central Institute of Fisheries Education,Mumbai,4
309,Central University of Gujarat,Gandhinagar,4
293,Central University of Haryana,Mahendragarh,3
269,Central University of Himachal Pradesh,Kangra,3
522,Central University of Jammu,Jammu,6
264,Central University of Jharkhand,Ranchi,3
317,Central University of Karnataka,Gulbarga,4
219,Central University of Kashmir,Srinagar,3
369,Central University of Kerala,Kasaragod,4
446,Central University of Orissa,Koraput,5
480,Central University of Punjab,Bathinda,5
258,Central University of Rajasthan,Ajmer,3
292,Central University of South Bihar,Patna,3
239,Central University of Tamil Nadu,Thiruvarur,3
609,Central University of Tibetan Studies,Varanasi,6
271,Centurion University of Technology and Management,Bhubaneswar,3
143,CEPT University,Ahmedabad,3
539,Chanakya National Law University,Patna,6
79,Chandigarh University,Mohali ...,2
496,Chandra Shekhar Azad University of Agriculture and Technology,Kanpur,5
508,Charotar University of Science and Technology,Anand,5
693,Chaudhary Bansi Lal University,Bhiwani,6
332,Chaudhary Charan Singh Haryana Agricultural University,Hisar,4
91,Chaudhary Charan Singh University,Meerut,2
427,Chaudhary Devi Lal University,Sirsa,5
423,Chaudhary Ranbir Singh University,Jind,5
119,Chennai Mathematical Institute,Chennai,2
48,Chhatrapati Shahu Ji Maharaj University,Kalyanpur,2
670,Chhattisgarh Kamdhenu Vishwavidyalaya,Raipur,6
146,Chhattisgarh Swami Vivekananda Technical University,Bhilai,3
676,Children's University,Gandhinagar,6
665,Chitkara University,Kalujhanda,6
100,Chitkara University,Punjab,3
33,Christ University,Bangalore,2
814,Cluster University of Jammu,Jammu,6
794,CMJ University,Jorabat,6
697,CMR University,Bangalore,6
65,Cochin University of Science and Technology,Kochi,2
595,Cooch Behar Panchanan Barma University,Cooch Behar,6
640,Cotton University,Guwahati,6
85,CSK Himachal Pradesh Krishi Vishvavidyalaya,Palampur,2
662,Dakshina Bharat Hindi Prachar Sabha,Chennai,6
579,Damodaram Sanjivayya National Law University,Visakhapatnam ...,6
563,Datta Meghe Institute of Medical Sciences,Nagpur,6
532,DAV University,Jalandhar,6
547,Davangere University,Davangere,6
253,Dayalbagh Educational Institute,Agra,3
719,Dayananda Sagar University,Bangalore,6
602,Deccan College Post-Graduate and Research Institute,Pune,6
242,Deen Dayal Upadhyay Gorakhpur University,Gorakhpur,3
331,Deenbandhu Chhotu Ram University of Science and Technology,Murthal,4
642,Delhi Pharmaceutical Sciences and Research University,New Delhi,6
96,Delhi Technological University,New Delhi,2
627,Desh Bhagat University,Mandi Gobindgarh,6
485,Dev Sanskriti Vishwavidyalaya,Shantikunj,6
62,Devi Ahilya Vishwavidyalaya,Indore,2
340,Dharmsinh Desai University,Nadiad,4
80,Dhirubhai Ambani Institute of Information and Communication Technology,Gandhinagar,2
771,Diamond Harbour Women's University,Sarisha,6
152,Dibrugarh University,Dibrugarh,3
303,DIT University,Dehradun,4
497,Doon University,Dehradun,5
604,Dr K.N. Modi University,Newai,6
800,Dr. A.P.J Abdul Kalam University,Indore,6
14,Dr. A.P.J. Abdul Kalam Technical University,Lucknow,2
107,Dr. B R Ambedkar National Institute of Technology Jalandhar,Jalandhar,2
489,Dr. B.R. Ambedkar University,Etcherla,5
751,Dr. B.R. Ambedkar University of Social Sciences,Indore,6
223,Dr. Babasaheb Ambedkar Marathwada University,Aurangabad,3
322,Dr. Babasaheb Ambedkar Technological University,Lonere,4
396,Dr. Balasaheb Sawant Konkan Krishi Vidyapeeth,Dapoli,4
207,Dr. Bhimrao Ambedkar University,Agra,3
381,Dr. C.V. Raman University,Bilaspur,4
387,Dr. D.Y. Patil Vidyapeeth,Pune,4
226,Dr. Hari Singh Gour University,Sagar,3
432,Dr. M.G.R. Educational and Research Institute,Chennai,5
267,Dr. N.T.R. University of Health Sciences,Vijayawada,3
415,Dr. Panjabrao Deshmukh Krishi Vidyapeeth,Akola,5
444,Dr. Rajendra Prasad Central Agriculture University,Samastipur,5
173,Dr. Ram Manohar Lohia Avadh University,Faizabad,3
468,Dr. Ram Manohar Lohiya National Law University,Lucknow,5
527,Dr. Sarvepalli Radhakrishnan Rajasthan Ayurved University,Jodhpur,6
280,Dr. Shakuntala Misra Rehabilitation University,Lucknow,3
828,Dr. Vishwanath Karad MIT World Peace University,Pune,6
386,Dr. Y.S. Parmar University of Horticulture and Forestry,Nauni,4
367,Dr.Y.S.R. Horticultural University,Tadepalligudem,4
472,Dravidian University,Kuppam,5
552,EIILM University,Jorethang,6
823,Era University,Lucknow,6
655,Eternal University,Baru Sahib,6
542,Fakir Mohan University,Balasore ...,6
300,Flame University,Pune,3
829,Forest Research Institute,Dehradun,6
855,G H Raisoni University,Saikheda,6
767,G.L.S. University,Ahmedabad,6
193,Galgotias University,Noida,3
72,Gandhi Institute of Technology and Management,Visakhapatnam,2
285,Gandhigram Rural University,Gandhigram,3
776,Gangadhar Meher University,Sambalpur,6
328,Ganpat University,Mehsana,4
513,Garden City University,Bangalore,6
83,Gauhati University,Guwahati,2
319,Gautam Buddha University,Greater Noida,4
454,GD Goenka University,Gurgaon,5
571,Geetanjali University,Udaipur,6
360,GLA University,Chaumuhan,4
559,Glocal University,Saharanpur,6
533,GNA University,Phagwara,6
185,Goa University,Taleigao,3
520,Gokhale Institute of Politics and Economics,Pune,6
572,Gondwana University,Gadchiroli,6
169,Govind Ballabh Pant University of Agriculture and Technology,Pantnagar,3
763,Govind Guru Tribal University,Banswara,6
555,Graphic Era Hill University,Clement Town,6
416,Graphic Era University,Dehradun,5
708,GSFC University,Vadodara,6
373,Gujarat Ayurved University,Jamnagar,4
516,Gujarat Forensic Sciences University,Gandhinagar,5
206,Gujarat National Law University,Gandhinagar,3
18,Gujarat Technological University,Ahmedabad,2
133,Gujarat University,Ahmedabad,3
852,Gujarat University of Transplantation Sciences,Ahmedabad,6
361,Gujarat Vidyapith,Ahmedabad ...,4
534,Gulbarga University,Gulbarga,6
422,Guru Angad Dev Veterinary and Animal Sciences University,Ludhiana,4
196,Guru Ghasidas Vishwavidyalaya,Bilaspur,3
92,Guru Gobind Singh Indraprastha University,New Delhi,2
277,Guru Jambheshwar University of Science and Technology,Hisar,3
705,Guru Kashi University,Talwandi Sabo,6
145,Guru Nanak Dev University,Amritsar,3
668,Guru Ravidas Ayurved University,Hoshiarpur,6
412,Gurukul Kangri Vishwavidyalaya,Haridwar,4
452,Harcourt Butler Technical University,Kanpur,5
804,Haridev Joshi University of Journalism and Mass Communication,Jaipur,6
824,Haryana Vishwakarma Skill University,Faridabad,6
188,Hemchandracharya North Gujarat University,Patan,3
202,Hemwati Nandan Bahuguna Garhwal University,Srinagar,3
622,Hemwati Nandan Bahuguna Medical University,Dehradun,6
316,Hidayatullah National Law University,Raipur,3
377,Himachal Pradesh Technical University,Hamirpur,4
177,Himachal Pradesh University,Shimla,3
854,Himalayan Garhwal University,Pokhara Village,6
453,Himalayan University,Itanagar,5
646,Himgiri ZEE University,Dehradun,6
270,Hindustan Institute of Technology and Science,Chennai,3
355,Homi Bhabha National Institute,Mumbai,4
589,"ICFAI University, Dehradun",Dehradun,6
805,"ICFAI University, Himachal Pradesh",Baddi,6
742,"ICFAI University, Jaipur",Jaipur,6
716,"ICFAI University, Jharkhand",Ranchi,6
787,"ICFAI University, Meghalaya",Tura,6
775,"ICFAI University, Mizoram",Aizawl,6
786,"ICFAI University, Nagaland",Dimapur,6
796,"ICFAI University, Raipur",Durg,6
636,"ICFAI University, Sikkim",Gangtok,6
511,"ICFAI University, Tripura",Agartala,5
768,IEC University,Kalujhanda,6
578,IFHE Hyderabad,Hyderabad,6
339,IFTM University,Moradabad,4
475,IIHMR University,Jaipur,5
783,IIMT University,Meerut,6
613,IMS Unison University,Dehradun,6
116,Indian Agricultural Research Institute,New Delhi,3
75,"Indian Institute of Engineering Science and Technology, Shibpur",Howrah ...,1
50,Indian Institute of Foreign Trade,New Delhi,2
883,IIIT,,
41,Indian Institute of Information Technology Allahabad,Allahabad,2
240,Indian Institute of Information Technology and Management Gwalior,Gwalior,2
274,"Indian Institute of Information Technology, Design and Manufacturing",Chennai,2
612,"Indian Institute of Information Technology, Guwahati",Guwahati,2
713,"Indian Institute of Information Technology, Kalyani",Kalyani,2
807,"Indian Institute of Information Technology, Kottayam",Kottayam,2
616,"Indian Institute of Information Technology, Lucknow",Allahabad,2
741,"Indian Institute of Information Technology, Manipur",Imphal,2
597,"Indian Institute of Information Technology, Sri City",Sri City,2
769,"Indian Institute of Information Technology, Una",Una,2
576,"Indian Institute of Information Technology, Vadodara",Gandhinagar,2
845,Indian Institute of Public Health,Gandhinagar,2
15,Indian Institute of Science,Bangalore,2
139,"Indian Institute of Science Education and Research, Bhopal",Bhopal,2
118,"Indian Institute of Science Education and Research, Kolkata",Mohanpur,2
172,"Indian Institute of Science Education and Research, Mohali",Mohali,2
98,"Indian Institute of Science Education and Research, Pune",Pune,2
137,"Indian Institute of Science Education and Research, Thiruvananthapuram",Thiruvananthapuram,2
103,Indian Institute of Space Science and Technology,Thiruvananthapuram,1
634,Indian Institute of Teacher Education,Gandhinagar,1
884,IIT,,
109,Indian Institute of Technology Bhubaneswar,Bhubaneswar,1
1,Indian Institute of Technology Bombay,Mumbai,1
7,Indian Institute of Technology Delhi,New Delhi,1
56,Indian Institute of Technology Gandhinagar,Chandkheda,1
5,Indian Institute of Technology Guwahati,Guwahati,1
54,Indian Institute of Technology Hyderabad,Eddumailaram,1
101,Indian Institute of Technology Indore,Indore,1
171,Indian Institute of Technology Jodhpur,Jodhpur,1
2,Indian Institute of Technology Kanpur,Kanpur,1
9,Indian Institute of Technology Kharagpur,Kharagpur,1
3,Indian Institute of Technology Madras,Chennai,1
97,Indian Institute of Technology Mandi,Mandi,1
155,Indian Institute of Technology Patna,Patna,1
29,Indian Institute of Technology Roorkee,Roorkee,1
87,Indian Institute of Technology Ropar,Rupnagar,1
27,"Indian Institute of Technology, BHU",Varanasi,1
183,Indian Maritime University,Chennai,2
94,Indian School of Mines,Dhanbad,1
44,Indian Statistical Institute,Kolkata ...,2
254,Indian Veterinary Research Institute,Bareilly ...,3
556,Indira Gandhi Delhi Technical University for Women,New Delhi,6
140,Indira Gandhi Institute of Development Research,Mumbai,3
482,"Indira Gandhi Institute of Medical Sciences, Sheikhpura",Patna,5
235,Indira Gandhi Krishi Vishwavidyalaya,Raipur,3
252,Indira Gandhi National Tribal University,Amarkantak,4
822,Indira Gandhi Technological and Medical Sciences University,Ziro,6
686,"Indira Gandhi University, Meerpur",Rewari,6
701,Indira Kala Sangeet Vishwavidyalaya,Khairagarh,6
148,Indraprastha Institute of Information Technology,New Delhi,3
880,Indrashil University,Dholera,6
781,Indus International University,Bathu,6
540,Indus University,Ahmedabad,6
816,Institute of Advanced Research,Gandhinagar,6
490,Institute of Advanced Studies in Education,Sardarshahr,5
232,Institute of Chemical Technology,Mumbai,3
528,"Institute of Infrastructure, Technology, Research and Management",Ahmedabad,5
318,Integral University,Lucknow,3
204,International Institute for Population Sciences,Mumbai,3
127,International Institute of Information Technology Bangalore,Bangalore,1
434,"International Institute of Information Technology, Bhubaneswar",Bhubaneswar,2
22,"International Institute of Information Technology, Hyderabad",Hyderabad,1
678,"International Institute of Information Technology, Naya Raipur",Naya Raipur,2
363,Invertis University,Bareilly,4
818,ISBM University,Gariyaband,6
529,Islamic University of Science and Technology,Pulwama,6
390,ITM University Gwalior,Gwalior,4
747,ITM University Raipur,Raipur,6
789,ITM Vocational University,Waghodia,6
71,Jadavpur University,Kolkata,1
548,Jagadguru Ramanandacharya Rajasthan Sanskrit University,Jaipur,6
723,Jagadguru Rambhadracharya Handicapped University,Chitrakoot,6
465,Jagadguru Sri Shivarathreeswara University,Mysore ...,5
687,Jagan Nath University,Jhajjar,6
551,Jagannath University,Jaipur,6
592,Jagran Lakecity University,Bhopal,6
341,Jai Narain Vyas University,Jodhpur,4
437,Jai Prakash Vishwavidyalaya,Chapra,5
251,Jain University,Bangalore,3
471,Jain Vishva Bharati Institute,Ladnun,5
210,Jaipur National University,Jaipur,3
156,Jamia Hamdard,New Delhi,3
63,Jamia Millia Islamia,New Delhi,2
727,Jananayak Chandrashekhar University,Ballia,6
405,Janardan Rai Nagar Rajasthan Vidhyapeeth University,Udaipur,4
150,Jawaharlal Institute of Postgraduate Medical Education and Research,Puducherry,3
477,Jawaharlal Nehru Architecture and Fine Arts University,Hyderabad,5
88,Jawaharlal Nehru Centre for Advanced Scientific Research,Bangalore,2
357,Jawaharlal Nehru Krishi Vishwavidyalaya,Jabalpur,4
64,Jawaharlal Nehru Technological University,Hyderabad ...,2
195,"Jawaharlal Nehru Technological University, Anantapur",Anantapur,2
120,"Jawaharlal Nehru Technological University, Kakinada",Kakinada,2
13,Jawaharlal Nehru University,New Delhi,2
473,Jayoti Vidyapeeth Women's University,Jaipur,5
231,Jaypee Institute of Information Technology,Noida,3
784,Jaypee University Anoopshahr,Anupshahr,6
469,Jaypee University of Engineering and Technology,Raghogarh,5
371,Jaypee University of Information Technology,Waknaghat,4
476,JECRC University,Jaipur,5
685,Jharkhand Rai University,Ranchi,6
862,Jharkhand Raksha Shakti University,Ranchi,6
743,JIS University,Agarpara,6
128,Jiwaji University,Gwalior,3
467,JK Lakshmipat University,Jaipur,5
561,Jodhpur National University,Jodhpur,6
738,JS University,Shikohabad,6
827,JSS Science and Technology University,Mysore,6
353,Junagadh Agricultural University,Junagadh,4
37,K L University,Vaddeswaram,2
860,K.K. University,Biharsharif,6
623,K.R. Mangalam University,Gurgaon,6
644,Kadi Sarva Vishwavidyalaya,Gandhinagar,6
227,Kakatiya University,Warangal ...,3
304,Kalasalingam University,Krishnankoil,3
650,Kalinga University,Raipur,2
753,Kamdhenu University,Gandhinagar,6
651,Kameshwar Singh Darbhanga Sanskrit University,Darbhanga,6
591,Kannada University,Vidyaranya,6
218,Kannur University,Kannur,3
263,Karnatak University,Dharwad,6
811,Karnataka Janapada Vishwavidyalaya,Shiggaon,6
614,Karnataka Sanskrit University,Bangalore,6
466,Karnataka State Law University,Hubli,5
864,Karnataka State Rural Development and Panchayat Raj University,Gadag,6
590,Karnataka State Women's University,Bijapur ...,6
795,"Karnataka Veterinary, Animal and Fisheries Sciences University",Bidar,6
754,Karnavati University,Gandhinagar,6
755,Karpagam Academy of Higher Education,Coimbatore,6
42,Karunya University,Coimbatore,2
525,Kavi Kulguru Kalidas Sanskrit Vishwavidyalaya,Nagpur,6
599,Kazi Nazrul University,Asansol,6
643,Kaziranga University,Jorhat,6
117,Kerala Agricultural University,Thrissur ...,3
577,Kerala Kalamandalam,Cheruthuruthi,6
514,Kerala University of Fisheries and Ocean Studies,Kochi,5
409,Kerala University of Health Sciences,Thrissur,4
428,Kerala Veterinary and Animal Sciences University,Pookode,4
817,Khallikote University,Berhampur,6
868,Khalsa University,Amritsar,6
679,"Khwaja Moinuddin Chishti Urdu, Arabi-Farsi University",Lucknow,6
66,KIIT University,Bhubaneswar,2
222,King George's Medical University,Lucknow,3
652,KLE Technological University,Hubli,6
418,KLE University,Belgaum ...,4
484,Kolhan University,Chaibasa,5
499,Krantiguru Shyamji Krishna Verma Kachchh University,Bhuj,5
631,Krishna Institute of Medical Sciences,Karad,6
324,Krishna University,Machilipatnam,4
806,KSGH Music and Performing Arts University,Mysore,6
766,Kumar Bhaskar Varma Sanskrit and Ancient Studies University,Nalbari,6
241,Kumaun University,Nainital,3
47,Kurukshetra University,Kurukshetra ...,6
733,Kushabhau Thakre Patrakarita Avam Jansanchar University,Raipur,6
262,Kuvempu University,Shimoga,3
455,Lakshmibai National Institute of Physical Education,Gwalior,5
832,Lakulish Yoga University,Ahmedabad,6
523,Lala Lajpat Rai University of Veterinary and Animal Sciences,Hisar,6
194,Lalit Narayan Mithila University,Darbhanga,3
582,Lingaya's University,Faridabad,6
847,LNCT University,Bhopal,6
8,Lovely Professional University,Phagwara,2
70,M.J.P. Rohilkhand University,Bareilly,2
393,M.S. Ramaiah University of Applied Sciences,Bangalore,4
307,Madan Mohan Malaviya University of Technology,Gorakhpur,3
732,Madhav University,Pindwara,6
138,Madurai Kamaraj University,Madurai,3
288,Magadh University,Bodh Gaya,3
802,Mahapurusha Srimanta Sankaradeva Viswavidyalaya,Nagaon,6
759,Maharaja Agrasen University,Baddi,6
841,Maharaja Bir Bikram University,Agartala,6
600,Maharaja Chhatrasal Bundelkhand University,Chhatarpur,6
186,Maharaja Ganga Singh University,Bikaner,3
295,Maharaja Krishnakumarsinhji Bhavnagar University,Bhavnagar,3
443,Maharaja Ranjit Singh Punjab Technical University,Bathinda,5
518,Maharaja Surajmal Brij University,Bharatpur,6
474,Maharana Pratap University of Agriculture and Technology,Udaipur,5
501,Maharashtra Animal and Fishery Sciences University,Nagpur,5
858,"Maharashtra National Law University, Aurangabad",Aurangabad,6
830,"Maharashtra National Law University, Mumbai",Mumbai,6
812,"Maharashtra National Law University, Nagpur",Nagpur,6
197,Maharashtra University of Health Sciences,Nashik,3
825,"Maharishi Arvind University, Jaipur",Mundiya Purohitan,6
95,Maharishi Dayanand University,Rohtak,2
620,Maharishi Mahesh Yogi Vedic Vishwavidyalaya,Katni ...,6
255,"Maharishi Markandeshwar University, Mullana",Mullana ...,3
762,"Maharishi Markandeshwar University, Sadopur",Ambala ...,6
756,"Maharishi Markandeshwar University, Solan",Solan ...,6
757,Maharishi University,Lucknow,6
707,Maharishi University of Management and Technology,Bilaspur ...,6
375,Maharshi Dayanand Saraswati University,Ajmer,4
688,Maharshi Panini Sanskrit Vishwavidyalaya,Ujjain,6
327,Mahatma Gandhi Antarrashtriya Hindi Vishwavidyalaya,Wardha,4
450,"Mahatma Gandhi Central University, Motihari",Motihari,5
696,Mahatma Gandhi Chitrakoot Gramoday Vishwavidyalaya,Chitrakoot,6
187,Mahatma Gandhi Kashi Vidyapeeth,Varanasi ...,3
49,Mahatma Gandhi University,Kottayam,2
737,Mahatma Gandhi University of Medical Sciences and Technology,Jaipur,6
410,"Mahatma Gandhi University, Meghalaya",Khanapara,5
494,"Mahatma Gandhi University, Nalgonda",Nalgonda,5
700,Mahatma Jyoti Rao Phoole University,Jaipur,6
372,Mahatma Phule Krishi Vidyapeeth,Rahuri,4
289,Makhanlal Chaturvedi Rashtriya Patrakarita Vishwavidyalaya,Bhopal ...,3
78,"Malaviya National Institute of Technology, Jaipur",Jaipur,2
839,Malwanchal University,Indore,6
526,Manav Bharti University,Solan,6
881,Manav Rachna International Institute of Research and Studies,Faridabad,6
882,Manav Rachna University,Faridabad,6
635,Mandsaur University,Mandsaur,6
639,Mangalayatan University,Aligarh,6
174,Mangalore University,Mangalore,3
30,Manipal University,Manipal,2
681,Manipur Technical University,Imphal,6
320,Manipur University,Imphal,3
870,Manipur University of Culture,Imphal,6
199,Manonmaniam Sundaranar University,Tirunelveli,3
698,Martin Luther Christian University,Shillong,6
637,Marwadi University,Rajkot,6
649,MATS University,Aarang,6
99,Maulana Abul Kalam Azad University of Technology,Kolkata,2
158,Maulana Azad National Institute of Technology,Bhopal,2
229,Maulana Azad National Urdu University,Hyderabad,3
836,"Maulana Azad University, Jodhpur",Jodhpur,6
581,Maulana Mazharul Haque Arabic and Persian University,Patna,6
272,Medi-Caps University,Indore,3
715,Meenakshi Academy of Higher Education and Research,Chennai,6
481,Mewar University,Chittorgarh,5
619,MGM Institute of Health Sciences,Navi Mumbai,6
347,MIT Art Design and Technology University,Pune,4
283,Mizoram University,Aizawl,3
314,Mody University of Science and Technology,Lakshmangarh,3
760,Mohammad Ali Jauhar University,Rampur,6
125,Mohanlal Sukhadia University,Udaipur,3
633,Monad University,Hapur,6
337,Mother Teresa Women's University,Kodaikanal,4
810,Motherhood University,Bhagwanpur,6
31,Motilal Nehru National Institute of Technology,Allahabad,1
557,MVN University,Palwal,6
397,Nagaland University,Kohima,4
310,Nalanda University,Rajgir,3
326,NALSAR University of Law,Hyderabad,4
683,Nanaji Deshmukh Veterinary Science University,Jabalpur,6
123,Narendra Dev University of Agriculture and Technology,Faizabad,3
58,Narsee Monjee Institute of Management and Higher Studies,Mumbai,2
323,National Dairy Research Institute,Karnal ...,4
59,National Institute of Design,Ahmedabad ...,2
84,National Institute of Fashion Technology,New Delhi ...,2
356,National Institute of Food Technology Entrepreneurship and Management,Sonipat,4
147,National Institute of Mental Health and Neuro Sciences,Bangalore,3
645,"National Institute of Pharmaceutical Education and Research, Ahmedabad",Ahmedabad,6
772,"National Institute of Pharmaceutical Education and Research, Guwahati",Guwahati,6
740,"National Institute of Pharmaceutical Education and Research, Hajipur",Hajipur,6
628,"National Institute of Pharmaceutical Education and Research, Hyderabad",Hyderabad,6
648,"National Institute of Pharmaceutical Education and Research, Kolkata",Kolkata,6
413,"National Institute of Pharmaceutical Education and Research, Mohali",Mohali,4
659,"National Institute of Pharmaceutical Education and Research, Rae Bareli",Rae Bareli,6
885,NIT,,
220,"National Institute of Technology, Agartala",Agartala,2
346,"National Institute of Technology, Arunachal Pradesh",Yupia,2
57,"National Institute of Technology, Calicut",Calicut,2
306,"National Institute of Technology, Delhi",New Delhi,2
93,"National Institute of Technology, Durgapur",Durgapur,2
275,"National Institute of Technology, Goa",Farmagudi,2
164,"National Institute of Technology, Hamirpur",Hamirpur,2
144,"National Institute of Technology, Jamshedpur",Jamshedpur,2
52,"National Institute of Technology, Karnataka",Mangalore,1
175,"National Institute of Technology, Kurukshetra",Kurukshetra,2
374,"National Institute of Technology, Manipur",Imphal,2
238,"National Institute of Technology, Meghalaya",Shillong,2
398,"National Institute of Technology, Mizoram",Aizawl,2
464,"National Institute of Technology, Nagaland",Dimapur,2
142,"National Institute of Technology, Patna",Patna,2
382,"National Institute of Technology, Puducherry",Karaikal,2
114,"National Institute of Technology, Raipur",Raipur,2
17,"National Institute of Technology, Rourkela",Rourkela,2
440,"National Institute of Technology, Sikkim",Ravangla,2
111,"National Institute of Technology, Silchar",Silchar,2
370,"National Institute of Technology, Srinagar",Srinagar,2
24,"National Institute of Technology, Tiruchirappalli",Tiruchirappalli,1
401,"National Institute of Technology, Uttarakhand",Srinagar,2
53,"National Institute of Technology, Warangal",Warangal,1
506,National Law Institute University,Bhopal,5
135,National Law School of India University,Bangalore,3
230,National Law University,New Delhi,3
509,National Law University and Judicial Academy,Guwahati,5
247,"National Law University, Jodhpur",Jodhpur,3
461,"National Law University, Orissa",Cuttack,5
74,National University of Educational Planning and Administration,New Delhi,2
491,National University of Study and Research in Law,Ranchi,5
608,Nava Nalanda Mahavihara,Bargaon,6
569,Navrachana University,Vadodara,6
403,Navsari Agricultural University,Navsari ...,4
567,Nehru Gram Bharati Vishwavidyalaya,Allahabad,6
746,NIILM University,Kaithal,6
260,NIIT University,Neemrana,3
530,Nilamber-Pitamber University,Medininagar,6
394,NIMS University,Jaipur,4
130,Nirma University of Science and Technology,Ahmedabad,3
298,NITTE University,Mangalore,3
266,Nizam's Institute of Medical Sciences,Hyderabad,3
521,Noida International University,Greater Noida,6
714,North East Frontier Technical University,Aalo,6
102,North Eastern Hill University,Shillong ...,3
296,North Eastern Regional Institute of Science and Technology,Itanagar,3
131,North Maharashtra University,Jalgaon ...,3
586,North Orissa University,Baripada,6
244,O.P. Jindal Global University,Sonipat,3
720,O.P. Jindal University,Raigarh,6
502,OPJS University,Churu,5
672,Oriental University,Indore,6
344,Orissa University of Agriculture and Technology,Bhubaneswar,4
51,Osmania University,Hyderabad,2
833,P P Savani University,Kosamba,6
838,P.K. University,Village Thanara,6
849,Pacific Medical University,Udaipur,6
543,"Pacific University, India",Udaipur,6
311,Padmashree Dr. D.Y. Patil Vidyapith,Navi Mumbai,3
431,Palamuru University,Mahabubnagar,4
233,Pandit Deendayal Petroleum University,Gandhinagar,3
389,Pandit Deendayal Upadhyaya Shekhawati University,Sikar,4
228,Pandit Ravishankar Shukla University,Raipur,3
28,Panjab University,Chandigarh,2
365,Parul University,Waghodia,4
245,Patna University,Patna,3
745,PDM University,Bahadurgarh,6
163,"PDPM Indian Institute of Information Technology, Design and Manufacturing",Jabalpur,3
224,PEC University of Technology,Chandigarh,3
603,People's University,Bhopal,6
558,Periyar Maniammai University,Vallam ...,6
211,Periyar University,Salem,3
176,PES University,Bangalore,3
798,Plastindia International University,Vapi,6
46,Pondicherry University,Puducherry ...,2
596,Ponnaiyan Ramajayam Institute of Science and Technology,Thanjavur,6
503,Poornima University,Jaipur,5
104,Post Graduate Institute of Medical Education and Research,Chandigarh,3
507,Potti Sreeramulu Telugu University,Hyderabad,5
837,Pragyan International University,Ranchi,6
729,Pratap University,Jaipur,6
354,Pravara Institute of Medical Sciences,Loni,4
611,Presidency University,Bangalore,6
216,Presidency University,Kolkata,3
447,Professor Jayashankar Telangana State Agricultural University,Hyderabad,5
248,Pt. Bhagwat Dayal Sharma University of Health Sciences,Rohtak,3
170,Punjab Agricultural University,Ludhiana,3
162,Punjab Technical University,Kapurthala,3
157,Punjabi University,Patiala,3
748,Quantum University,Roorkee,6
383,Rabindra Bharati University,Kolkata,4
710,Raffles University,Neemrana,6
792,Rai Technology University,Doddaballapura,6
487,Rai University,Dholka,5
725,Raiganj University,Raiganj,6
536,Raj Rishi Bharthari Matsya University,Alwar,6
801,Raja Mansingh Tomar Music and Arts University,Gwalior,6
141,Rajasthan Technical University Kota,Kota,3
256,Rajasthan University of Health Sciences,Jaipur,3
406,Rajasthan University of Veterinary and Animal Sciences,Bikaner,4
395,Rajiv Gandhi Institute of Petroleum Technology,Raebareli,4
863,Rajiv Gandhi National Aviation University,Raebareli,6
362,Rajiv Gandhi National Institute of Youth Development,Sriperumbudur,4
462,Rajiv Gandhi National University of Law,Patiala,5
38,Rajiv Gandhi Proudyogiki Vishwavidyalaya,Bhopal ...,2
342,Rajiv Gandhi University,Itanagar,4
165,Rajiv Gandhi University of Health Sciences,Bangalore,3
198,Rajiv Gandhi University of Knowledge Technologies,Hyderabad,3
618,Rajmata Vijayaraje Scindia Krishi Vishwavidyalaya,Gwalior,6
704,Raksha Shakti University,Ahmedabad,6
803,Rama Devi Women's University,Bhubaneswar,6
638,Rama University,Kanpur,6
483,Ramakrishna Mission Vivekananda University,Belur ...,5
404,Ranchi University,Ranchi,4
449,"Rani Channamma University, Belagavi",Belagavi,5
237,Rani Durgavati Vishwavidyalaya,Jabalpur,3
770,Rani Lakshmi Bai Central Agricultural University,Jhansi,6
853,Ras Bihari Bose Subharti University,Dehradun,6
166,Rashtrasant Tukadoji Maharaj Nagpur University,Nagpur,3
265,Rashtriya Sanskrit Sansthan University,New Delhi,3
460,Rashtriya Sanskrit Vidyapeetha,Tirupati,5
392,Ravenshaw University,Cuttack,4
305,Rayalaseema University,Kurnool,3
718,Rayat-Bahra University,Kharar,6
424,REVA University,Bangalore,5
660,RIMT University,Mandi Gobindgarh,6
366,RK University,Rajkot,4
621,RKDF University,Bhopal,6
684,Sai Nath University,Ranchi,6
857,Sai Tirupati University,Udaipur,6
419,"Sam Higginbottom Institute of Agriculture, Technology and Sciences",Allahabad,4
330,Sambalpur University,Burla,4
315,Sampurnanand Sanskrit Vishvavidyalaya,Varanasi,4
764,Sanchi University of Buddhist-Indic Studies,Sanchi,6
677,Sandip University,Mahiravani,6
883,"Sandip University, Sijoul",Sijoul,6
834,Sangai International University,Churachandpur,6
739,Sangam University,Bhilwara,6
243,Sanjay Gandhi Post Graduate Institute of Medical Sciences,Lucknow,3
851,Sanjay Ghodawat University,Kolhapur,6
842,Sankalchand Patel University,Visnagar,6
671,Sanskriti University,Mathura,6
819,Sant Baba Bhag Singh University,Jalandhar,6
212,Sant Gadge Baba Amravati University,Amravati,3
352,Sant Longowal Institute of Engineering and Technology,Sangrur,4
546,Santosh University,Ghaziabad,6
180,Sardar Patel University,Vallabh Vidyanagar,3
336,"Sardar Patel University of Police, Security and Criminal Justice",Jodhpur,4
129,"Sardar Vallabhbhai National Institute of Technology, Surat",Surat,3
580,Sardar Vallabhbhai Patel University of Agriculture and Technology,Meerut,6
349,Sardarkrushinagar Dantiwada Agricultural University,Palanpur,4
505,Sarguja University,Ambikapur,5
884,Sarla Birla University,Ranchi,6
793,Sarvepalli Radhakrishnan University,Bhopal,6
76,SASTRA University,Thanjavur ...,2
504,Satavahana University,Karimnagar,5
351,Sathyabama University,Chennai,2
108,Saurashtra University,Rajkot,3
312,Saveetha University,Chennai,4
10,Savitribai Phule Pune University,Pune,2
442,"School of Planning and Architecture, Bhopal",Bhopal,5
350,"School of Planning and Architecture, Delhi",New Delhi,4
488,"School of Planning and Architecture, Vijayawada",Vijayawada,5
808,Seacom Skills University,Santiniketan,6
160,Sharda University,Greater Noida,2
871,Sharnbasva University,Gulbarga,6
550,Sher-e-Kashmir University of Agricultural Sciences and Technology of Jammu,Jammu,6
329,Sher-e-Kashmir University of Agricultural Sciences and Technology of Kashmir,Srinagar,4
359,Sher-i-Kashmir Institute of Medical Sciences,Srinagar,4
153,Shiv Nadar University,Dadri,3
86,Shivaji University,Kolhapur,2
414,Shobhit University,Meerut,5
448,Shoolini University of Biotechnology and Management Sciences,Solan,5
500,Shree Guru Gobind Singh Tricentenary University,Gurgaon,5
658,Shree Somnath Sanskrit University,Veraval,6
378,Shreemati Nathibai Damodar Thackersey Women's University,Mumbai,4
726,Shri Govind Guru University,Godhra,6
846,Shri Guru Ram Rai Education Mission,Dehradun ...,6
869,Shri Guru Ram Rai University,Dehradun,6
654,Shri Jagannath Sanskrit Vishvavidyalaya,Puri,6
584,Shri Jagdishprasad Jhabrmal Tibrewala University,Jhunjhunu,6
463,Shri Lal Bahadur Shastri Rashtriya Sanskrit Vidyapeetha,New Delhi,5
215,Shri Mata Vaishno Devi University,Katra,3
647,Shri Ramswaroop Memorial University,Barabanki,6
703,Shri Vaishnav Vidyapeeth Vishwavidyalaya,Indore,6
694,Shri Venkateshwara University,Gajraula,6
724,Shridhar University,Pilani,6
626,Siddharth University,Kapilvastu,6
519,Sidho Kanho Birsha University,Purulia ...,6
624,Sido Kanhu Murmu University,Dumka,6
214,Sikkim Manipal University,Gangtok,3
308,Sikkim University,Tadong,4
379,Siksha O Anusandhan University,Bhubaneswar,4
420,Singhania University,Jhunjhunu,5
601,Sir Padampat Singhania University,Udaipur,6
225,South Asian University,New Delhi,3
791,Spicer Adventist University,Pune,6
192,Sree Chitra Thirunal Institute of Medical Sciences and Technology,Thiruvananthapuram,3
531,Sree Sankaracharya University of Sanskrit,Kalady,6
588,Sri Balaji Vidyapeeth,Puducherry,6
384,Sri Chandrasekharendra Saraswathi Viswa Mahavidyalaya,Kanchipuram,4
456,Sri Dev Suman Uttarakhand University,Tehri,5
712,Sri Devaraj Urs Academy of Higher Education and Research,Kolar,6
664,Sri Guru Granth Sahib World University,Fatehgarh Sahib,6
856,Sri Guru Ram Das University of Health Sciences,Qila Jiwan Singh,6
797,Sri Konda Laxman Telangana State Horticultural University,Hyderabad,6
313,Sri Krishnadevaraya University,Anantapur ...,4
421,Sri Padmavati Mahila Visvavidyalayam,Tirupati,5
281,Sri Ramachandra University,Chennai,3
765,Sri Sai University,Palampur,6
417,Sri Sathya Sai Institute of Higher Learning,Anantapur,5
632,Sri Satya Sai University of Technology and Medical Sciences,Sehore,6
682,Sri Siddhartha Academy of Higher Education,Tumkur,6
573,Sri Sri University,Cuttack,6
402,Sri Venkateswara Institute of Medical Sciences,Tirupati,5
190,Sri Venkateswara University,Tirupati,3
709,Sri Venkateswara Vedic University,Tirupati,6
574,Sri Venkateswara Veterinary University,Tirupati,6
593,Srimanta Sankaradeva University of Health Sciences,Guwahati,6
813,Srinivas University,Mangalore,6
12,SRM Institute of Science and Technology,Chennai,2
553,SRM University Haryana,Sonipat,6
758,"SRM University, Sikkim",Gangtok,6
865,St. Joseph University,Dimapur,6
630,St. Peter's University,Chennai,6
788,St. Xavier's University,Kolkata,6
826,Starex University,Gurgaon,6
785,State University of Performing and Visual Arts,Rohtak,6
782,Suamandeep Vidyapeeth,Vadodara,6
564,Sunrise University,Alwar ...,6
457,Suresh Gyan Vihar University,Jaipur,5
470,Swami Keshwanand Rajasthan Agricultural University,Bikaner,5
538,Swami Rama Himalayan University,Dehradun,6
181,Swami Ramanand Teerth Marathwada University,Nanded,3
458,Swami Vivekanand Subharti University,Meerut,5
744,Swami Vivekanand University,Sagar,6
400,Swami Vivekananda Yoga Anusandhana Samsthana,Bangalore,4
689,Swarnim Gujarat Sports University,Gandhinagar,6
843,Swarnim Startup and Innovation University,Gandhinagar,6
167,Symbiosis International University,Pune,3
666,Symbiosis University of Applied Sciences,Indore,6
32,Tamil Nadu Agricultural University,Coimbatore ...,2
430,Tamil Nadu Dr Ambedkar Law University,Chennai,5
249,Tamil Nadu Dr. M.G.R.Medical University,Chennai,3
515,Tamil Nadu Fisheries University,Nagapattinam,6
866,Tamil Nadu Music and Fine Arts University,Chennai,6
656,Tamil Nadu National Law School,Tiruchirappalli,6
575,Tamil Nadu Physical Education and Sports University,Chennai,6
334,Tamil Nadu Teacher Education University,Chennai,4
276,Tamil Nadu Veterinary and Animal Sciences University,Chennai ...,3
435,Tamil University,Thanjavur,5
735,Tantia University,Sri Ganganagar,6
25,Tata Institute of Fundamental Research,Mumbai,2
21,Tata Institute of Social Sciences,Mumbai,2
821,TeamLease Skills University,Tarsali,6
702,Techno India University,Kolkata,6
380,Teerthanker Mahaveer University,Moradabad,4
479,Telangana University,Nizamabad,5
257,TERI University,New Delhi,3
40,Tezpur University,Tezpur,2
81,Thapar Institute of Engineering and Technology,Patiala,1
297,The English and Foreign Languages University,Hyderabad,3
495,The IIS University,Jaipur,5
399,The Indian Law Institute,New Delhi,4
286,The LNM Institute of Information Technology,Jaipur,3
121,The Maharaja Sayajirao University of Baroda,Vadodara,3
554,The National University of Advanced Legal Studies,Kochi,6
778,The Neotia University,Sarisha,6
217,The Northcap University,Gurgaon ...,3
850,The Sanskrit College and University,Kolkata,6
191,The West Bengal National University of Juridical Sciences,Kolkata,3
510,Thiruvalluvar University,Vellore,5
695,Thunchath Ezhuthachan Malayalam University,Tirur,6
368,Tilak Maharashtra Vidyapeeth,Pune,4
376,Tilka Manjhi Bhagalpur University,Bhagalpur,4
657,TransDisciplinary University,Bangalore,6
236,Tripura University,Agartala,3
517,Tumkur University,Tumkur,6
663,U.P. Pandit Deen Dayal Upadhyaya Pashu Chikitsa Vigyan Vishwavidyalaya Evam Go-Anusandhan Sansthan,Mathura,6
429,UKA Tarsadia University,Surat,5
730,"University of Agricultural and Horticultural Sciences, Shivamogga",Shimoga,6
302,"University of Agricultural Sciences, Bangalore",Bangalore ...,3
411,"University of Agricultural Sciences, Dharwad",Dharwad,5
661,"University of Agricultural Sciences, Raichur",Raichur,6
115,University of Allahabad,Allahabad,3
89,University of Burdwan,Bardhaman,2
68,University of Calcutta,Kolkata,2
35,University of Calicut,Tenhipalam ...,2
4,University of Delhi,New Delhi,2
535,"University of Engineering and Management, Kolkata",Kolkata,6
261,University of Gour Banga,Malda,3
610,"University of Horticultural Sciences, Bagalkot",Bagalkot ...,6
73,University of Hyderabad,Hyderabad,2
203,University of Jammu,Jammu,3
134,University of Kalyani,Kalyani,3
124,University of Kashmir,Srinagar,3
60,University of Kerala,Thiruvananthapuram,2
282,University of Kota,Kota,3
105,University of Lucknow,Lucknow,3
69,University of Madras,Chennai,2
19,University of Mumbai,Mumbai,2
43,University of Mysore,Mysore ...,2
208,University of North Bengal,Siliguri,3
680,University of Patanjali,Haridwar,6
26,University of Petroleum and Energy Studies,Dehradun,2
34,University of Rajasthan,Jaipur,2
667,"University of Science and Technology, Meghalaya",Baridua,6
250,University of Solapur,Solapur,3
752,University of Technology,Jaipur,6
641,University of Technology and Management,Shillong,6
848,Usha Martin University,Ranchi,6
321,Utkal University,Bhubaneswar,4
690,Utkal University of Culture,Bhubaneswar,6
617,Uttar Banga Krishi Viswavidyalaya,Pundibari,6
774,Uttar Pradesh University of Medical Sciences,Saifai,6
867,Uttarakhand Aawasiya Vishwavidyalaya,Almora,6
492,Uttarakhand Ayurved University,Dehradun,5
284,Uttarakhand Technical University,Dehradun,3
629,Uttarakhand University of Horticulture and Forestry,Bharsar,6
669,Uttaranchal Sanskrit University,Haridwar,6
568,Uttaranchal University,Dehradun,6
426,Vasantrao Naik Marathwada Krishi Vidyapeeth,Parbhani ...,5
213,Veer Bahadur Singh Purvanchal University,Jaunpur,3
562,Veer Kunwar Singh University,Arrah,6
110,Veer Narmad South Gujarat University,Surat,3
178,Veer Surendra Sai University of Technology,Sambalpur,3
345,Vel Tech Dr.RR and Dr.SR Technical University,Chennai ...,4
407,Vels University,Chennai,4
189,Vidyasagar University,Midnapore,3
343,Vignan University,Guntur,4
537,Vijayanagara Sri Krishnadevaraya University,Bellary,6
333,Vikram University,Ujjain,4
348,Vikrama Simhapuri University,Nellore,4
777,Vinayaka Missions Sikkim University,Gangtok,6
299,Vinayaka Missions University,Salem,3
301,Vinoba Bhave University,Hazaribag,4
750,Vishwakarma University,Pune,6
126,Visva-Bharati University,Santiniketan,3
122,Visvesvaraya National Institute of Technology,Nagpur,2
23,Visvesvaraya Technological University,Belgaum,2
734,VIT Bhopal University,Bhopal,6
6,VIT University,Vellore,1
605,Vivekananda Global University,Jaipur,6
388,West Bengal State University,Barasat,4
583,West Bengal University of Animal and Fishery Sciences,Kolkata,6
459,West Bengal University of Health Sciences,Kolkata,5
512,"West Bengal University of Teachers' Training, Education Planning and Administration",Kolkata,5
809,"William Carey University, India",Shillong,6
831,"William Carey University, Meghalaya",Shillong,6
291,Xavier University Bhubaneswar,Harirajpur,3
873,YBN University,Ranchi,6
498,Yenepoya University,Mangalore,5
364,YMCA University of Science and Technology,Faridabad,4
408,Yogi Vemana University,Kadapa,4
